item,page,img_number,path
Apple,apple,1,data/wiki_images/220px-Honeycrisp.jpg
Apple,apple,2,data/wiki_images/220px-Malus_domestica_a1.jpg
Apple,apple,3,data/wiki_images/220px-Malus_domestica_-_K%C3%B6hler%E2%80%93s_Medizinal-Pflanzen-108.jpg
Apple,apple,4,data/wiki_images/220px-Pink_lady_and_cross_section.jpg
Apple,apple,5,data/wiki_images/220px-Apple_Blossom_%40_Manali.jpg
Apple,apple,6,data/wiki_images/130px-Carl_Larsson_Brita_as_Iduna.jpg
Apple,apple,7,data/wiki_images/130px-Hercules_Musei_Capitolini_MC1265_n2.jpg
Apple,apple,8,data/wiki_images/220px-Albrecht_D%C3%BCrer_-_Adam_and_Eve_%28Prado%29_2.jpg
Apple,apple,9,data/wiki_images/180px-Alice_%28apple%29.jpg
Apple,apple,10,data/wiki_images/180px-Ambrosia_apples_2017_A3.jpg
Apple,apple,11,data/wiki_images/191px-Malus-Ananasrenette.jpg
Apple,apple,12,data/wiki_images/225px-Arkansas_Black_apples_%28cropped%29.jpg
Apple,apple,13,data/wiki_images/180px-Aroma_%28apple%29.jpg
Apple,apple,14,data/wiki_images/207px-Malus-Boskoop_organic.jpg
Apple,apple,15,data/wiki_images/240px-Bramley%27s_Seedling_Apples.jpg
Apple,apple,16,data/wiki_images/180px-Cox%E2%80%99s_Pomona.jpg
Apple,apple,17,data/wiki_images/240px-Discovery_apples.jpg
Apple,apple,18,data/wiki_images/240px-Cross_section_of_Egremont_Russet_%28EMLA_1%29%2C_National_Fruit_Collection_%28acc._1979-159%29.jpg
Apple,apple,19,data/wiki_images/286px-Fuji_apple.jpg
Apple,apple,20,data/wiki_images/199px-Red_Apple.jpg
Apple,apple,21,data/wiki_images/270px-Golden_delicious_apple.jpg
Apple,apple,22,data/wiki_images/180px-Apfel-Berlepsch.jpg
Apple,apple,23,data/wiki_images/270px-Granny_smith_closeup.jpg
Apple,apple,24,data/wiki_images/180px-Honeycrisp.jpg
Apple,apple,25,data/wiki_images/184px-Malus-James-Grieve.jpg
Apple,apple,26,data/wiki_images/361px-Jonagold.jpg
Apple,apple,27,data/wiki_images/262px-Malus_Lobo_4397.jpg
Apple,apple,28,data/wiki_images/241px-McIntosh.jpg
Apple,apple,29,data/wiki_images/Apple_03.jpg
Apple,apple,30,data/wiki_images/270px-Pink_Lady_Apple_%284107712628%29.jpg
Apple,apple,31,data/wiki_images/182px-Red_Delicious.jpg
Apple,apple,32,data/wiki_images/271px-Shampion_13.01.2013_13-17-30.jpg
Apple,apple,33,data/wiki_images/240px-Mele_stark.jpg
Apple,apple,34,data/wiki_images/270px-The_SugarBee_Apple_now_grown_in_Washington_State.jpg
Apple,apple,35,data/wiki_images/279px-Summerred.jpg
Apple,apple,36,data/wiki_images/279px-Yellow_Transparent.jpg
Apple,apple,37,data/wiki_images/220px-Apfelbaum_Winterrambour_Hochstamm.jpg
Apple,apple,38,data/wiki_images/170px-Blooming_apple_tree.jpg
Apple,apple,39,data/wiki_images/220px-Orchmason.jpg
Apple,apple,40,data/wiki_images/220px-MIN_Rungis_pommes.jpg
Apple,apple,41,data/wiki_images/220px-Apple_tree_leaves_with_insect_damage.jpg
Apple,apple,42,data/wiki_images/220px-Apple_stark_s.jpg
Apple,apple,43,data/wiki_images/100px-Apples.jpg
Apple,apple,44,data/wiki_images/100px-Crab_apples_by_the_roadside_-_geograph.org.uk_-_978786.jpg
Asparagus,asparagus,1,data/wiki_images/110px-Asparagus-Bundle.jpg
Asparagus,asparagus,2,data/wiki_images/220px-Asparagus_image.jpg
Asparagus,asparagus,3,data/wiki_images/210px-Julia_Child_at_KUHT.jpg
Asparagus,asparagus,4,data/wiki_images/220px-Spargel_sauce_hollandaise.jpg
Asparagus,asparagus,5,data/wiki_images/170px-Asparagus_Tip.jpg
Asparagus,asparagus,6,data/wiki_images/220px-Steam-boiling_green_asparagus.jpg
Asparagus,asparagus,7,data/wiki_images/125px-Illustration_Asparagus_officinalis0b.jpg
Asparagus,asparagus,8,data/wiki_images/200px-Green_Asparagus_New_York_11_May_2006.jpg
Asparagus,asparagus,9,data/wiki_images/200px--20120511Spargelernte7.ogv.jpg
Asparagus,asparagus,10,data/wiki_images/200px-AsparagusFernMilduraVictoriaAustralia.jpg
Asparagus,asparagus,11,data/wiki_images/200px-SkFernlikePlant.jpg
Asparagus,asparagus,12,data/wiki_images/83px-Asparagus_NL.jpg
Asparagus,asparagus,13,data/wiki_images/120px-Cr%C3%A8me_d%27asperge_%C3%A0_la_truffe.jpg
Asparagus,asparagus,14,data/wiki_images/67px-Asparagus_officinalis_2.jpg
Asparagus,asparagus,15,data/wiki_images/90px-White_Asparagus_bacon_rice.jpg
Asparagus,asparagus,16,data/wiki_images/120px-Asparagus_aphyllus_-_2018.jpg
Avocado,avocado,1,data/wiki_images/220px-Avocado_with_cross_section_edit.jpg
Avocado,avocado,2,data/wiki_images/170px-Avocado_Seedling.jpg
Avocado,avocado,3,data/wiki_images/170px-Seedless_Avocado_in_Mexico.jpg
Avocado,avocado,4,data/wiki_images/220px-Persea_americana.jpg
Avocado,avocado,5,data/wiki_images/170px-Avocado_cv_Choquette.jpg
Avocado,avocado,6,data/wiki_images/220px-Hass_avocado_-white_background.jpg
Avocado,avocado,7,data/wiki_images/220px-Selling_avocados_in_Santo_Domingo%2C_DR.jpg
Avocado,avocado,8,data/wiki_images/170px-2014_avocado_salad_tomato_salsa_toasted_baguette.jpg
Avocado,avocado,9,data/wiki_images/220px-Guacomole.jpg
Avocado,avocado,10,data/wiki_images/220px-Sliced_avocado.jpg
Avocado,avocado,11,data/wiki_images/220px-2015-08-08_09.11.34_unusual_avocado_%28the_fertility_testicle_fruit%29_variety_from_Cebu_Philippines_2.jpg
Banana,banana,1,data/wiki_images/250px-Banana_and_cross_section.jpg
Banana,banana,2,data/wiki_images/220px-Bananavarieties.jpg
Banana,banana,3,data/wiki_images/93px-Banana_corm.jpg
Banana,banana,4,data/wiki_images/120px-M._acuminata_x_balbisiana_female_flower_detail.jpg
Banana,banana,5,data/wiki_images/110px-2018_06_TropicalIslands_IMG_2170.jpg
Banana,banana,6,data/wiki_images/90px-Banana_tree_in_Chandigarh.jpg
Banana,banana,7,data/wiki_images/90px-Banana_three_in_R%C3%A9union.jpg
Banana,banana,8,data/wiki_images/90px-Banana%27s_DNA_Strand.jpg
Banana,banana,9,data/wiki_images/170px-Baby_Banana_Plant.jpg
Banana,banana,10,data/wiki_images/220px-Nedravazhakola.jpg
Banana,banana,11,data/wiki_images/220px-Banana_trees%2C_Mahamaya_Lake_%2801%29.jpg
Banana,banana,12,data/wiki_images/220px-Bananas_white_background_DS.jpg
Banana,banana,13,data/wiki_images/220px-Inside_a_wild-type_banana.jpg
Banana,banana,14,data/wiki_images/220px-Acta_Eruditorum_-_III_musa_arabum_pala_plinii%2C_1734_%E2%80%93_BEIC_13446956.jpg
Banana,banana,15,data/wiki_images/220px-Bananas.jpg
Banana,banana,16,data/wiki_images/220px-Banana-fluorescence-081108.jpg
Banana,banana,17,data/wiki_images/170px-BananasBlueBagStLucia.jpg
Banana,banana,18,data/wiki_images/220px-ITC_cold_room.jpg
Banana,banana,19,data/wiki_images/160px-%E0%B0%85%E0%B0%B0%E0%B0%9F%E0%B0%BF%E0%B0%95%E0%B0%BE%E0%B0%AF_%E0%B0%AE%E0%B0%B0%E0%B0%BF%E0%B0%AF%E0%B1%81_%E0%B0%A8%E0%B0%BF%E0%B0%AE%E0%B1%8D%E0%B0%AE%E0%B0%95%E0%B0%BE%E0%B0%AF_%E0%B0%AA%E0%B1%81%E0%B0%B2%E0%B1%81%E0%B0%B8%E0%B1%81_%E0%B0%95%E0%B1%82%E0%B0%B0.jpg
Banana,banana,20,data/wiki_images/160px-Bananajf.jpg
Banana,banana,21,data/wiki_images/160px-Nacatamales_in_steamer.jpg
Banana,banana,22,data/wiki_images/160px-Pisang_goreng_in_a_basket.jpg
Banana,banana,23,data/wiki_images/160px-YosriPengatPisang.jpg
Banana,banana,24,data/wiki_images/220px-River_Kaveri_worship_Tiruchirappalli.jpg
Banana,banana,25,data/wiki_images/220px-Thanin_market_banana_flowers_and_leaves.jpg
Banana,banana,26,data/wiki_images/170px-XRF-Tani-.jpg
Banana,banana,27,data/wiki_images/80px-Banana-Single.jpg
Chickpea,chickpea,1,data/wiki_images/220px-Sa-whitegreen-chickpea.jpg
Chickpea,chickpea,2,data/wiki_images/220px-Chickpea_BNC.jpg
Chickpea,chickpea,3,data/wiki_images/220px-Cicer_arietinum_noir_MHNT.BOT.2017.12.2.jpg
Chickpea,chickpea,4,data/wiki_images/220px-India_-_Varanasi_green_peas_-_2714.jpg
Chickpea,chickpea,5,data/wiki_images/150px-Chickpeas_Plant.jpg
Chickpea,chickpea,6,data/wiki_images/150px-Chickpea_pods.jpg
Chickpea,chickpea,7,data/wiki_images/150px-Chickpea_in_black_colour.jpg
Chickpea,chickpea,8,data/wiki_images/220px-Cicers_farm.jpg
Chickpea,chickpea,9,data/wiki_images/220px-Hummus_from_The_Nile.jpg
Chickpea,chickpea,10,data/wiki_images/220px-Dhokla_on_Gujrart.jpg
Chickpea,chickpea,11,data/wiki_images/240px-FOOD_Doubles_2.jpg
Chickpea,chickpea,12,data/wiki_images/270px-Farinata_di_ceci_01.jpg
Chickpea,chickpea,13,data/wiki_images/240px-Choleindia.jpg
Chickpea,chickpea,14,data/wiki_images/300px-Halua_of_Chickpeas.jpg
Chickpea,chickpea,15,data/wiki_images/135px-Aesthetic_Fried_Gram.jpg
String Bean,green_bean,1,data/wiki_images/220px-Heaps_of_beans.jpg
String Bean,green_bean,2,data/wiki_images/220px-Cut_Green_Beans.jpg
String Bean,green_bean,3,data/wiki_images/CDC_greenbean.jpg
String Bean,green_bean,4,data/wiki_images/220px-Four_Different_Varieties_of_Green_Beans_%28Phaseolus_vulgaris%29.jpg
String Bean,green_bean,5,data/wiki_images/220px-A_green_bean.jpg
String Bean,green_bean,6,data/wiki_images/220px-Pickled_Beans_%283920862383%29.jpg
String Bean,green_bean,7,data/wiki_images/220px-FEMA_-_15774_-_Photograph_by_Win_Henderson_taken_on_09-17-2005_in_Louisiana.jpg
String Bean,green_bean,8,data/wiki_images/220px-BBC_Gardeners_World_-_2017-06-15_-_Andy_Mabbett_-_02.jpg
Beef,beef,1,data/wiki_images/220px-Standing-rib-roast.jpg
Beef,beef,2,data/wiki_images/220px-Wagyu.jpg
Beef,beef,3,data/wiki_images/220px-Hamburger_-_veggies_-_potato_-_parmesan_cheese_food.jpg
Beef,beef,4,data/wiki_images/220px-Rump_steak.jpg
Beef,beef,5,data/wiki_images/220px-Ground_Beef.jpg
Beef,beef,6,data/wiki_images/220px-Roast_beef.jpg
Beef,beef,7,data/wiki_images/220px-Beef_Roasted_with_Vinegar.jpg
Beef,beef,8,data/wiki_images/220px-Raw_beef_slices.jpg
Beef,beef,9,data/wiki_images/220px-Beef_Curry_in_Bangladesh.jpg
Beef,beef,10,data/wiki_images/300px-Sacred_cow2.jpg
Beef,beef,11,data/wiki_images/100px-FoodMeat.jpg
Beef,beef,12,data/wiki_images/100px-Plateau_van_zeevruchten.jpg
Bell Pepper,bell_pepper,1,data/wiki_images/220px-Green-Yellow-Red-Pepper-2009.jpg
Bell Pepper,bell_pepper,2,data/wiki_images/220px-November_15%2C_2012%2C_The_Right_Cut_%288223639251%29.jpg
Crab,callinectes_sapidus,1,data/wiki_images/220px-The_Childrens_Museum_of_Indianapolis_-_Atlantic_blue_crab.jpg
Crab,callinectes_sapidus,2,data/wiki_images/220px-Line2243_-_Flickr_-_NOAA_Photo_Library.jpg
Crab,callinectes_sapidus,3,data/wiki_images/220px-Line0806_-_Flickr_-_NOAA_Photo_Library.jpg
Crab,callinectes_sapidus,4,data/wiki_images/220px-Female_blue_crab_with_eggs.jpg
Crab,callinectes_sapidus,5,data/wiki_images/220px-Schwimmkrabben_gekocht.jpg
Crab,callinectes_sapidus,6,data/wiki_images/220px-Martha_Reeves_takes_on_a_Maryland_crab.jpg
Crab,callinectes_sapidus,7,data/wiki_images/220px-HD.6D.417_%2810946254725%29.jpg
Broccoli,broccoli,1,data/wiki_images/220px-Broccoli_and_cross_section_edit.jpg
Broccoli,broccoli,2,data/wiki_images/220px-Broccoli_plants_growing_in_New_Jersey_in_April.jpg
Broccoli,broccoli,3,data/wiki_images/220px-Sa_broccoli_florets.jpg
Broccoli,broccoli,4,data/wiki_images/120px-NRCSAZ02078_-_Arizona_%28439%29%28NRCS_Photo_Gallery%29.jpg
Broccoli,broccoli,5,data/wiki_images/90px-Broccoli_flowers_2525385935_e13d4de4c4_b.jpg
Broccoli,broccoli,6,data/wiki_images/120px-Cavolfiore_Violetto_di_Sicilia.jpg
Broccoli,broccoli,7,data/wiki_images/90px-%E5%B7%A8%E7%84%A1%E9%9C%B8%E9%9D%92%E8%8A%B1%E8%8F%9C_20191121171730.jpg
Broccoli,broccoli,8,data/wiki_images/32px-Veranotrigo.jpg
Broccoli,broccoli,9,data/wiki_images/110px-Broccoli_and_cross_section_edit.jpg
Cabbage,cabbage,1,data/wiki_images/220px-Cabbage_and_cross_section_on_white.jpg
Cabbage,cabbage,2,data/wiki_images/220px-Chou_1.jpg
Cabbage,cabbage,3,data/wiki_images/170px-Brassica_oleracea_Helgoland1.jpg
Cabbage,cabbage,4,data/wiki_images/220px-Tacuinum_Sanitatis-cabbage_harvest.jpg
Cabbage,cabbage,5,data/wiki_images/220px-Dojranski_zelki.jpg
Cabbage,cabbage,6,data/wiki_images/170px-Cabbages_Green_and_Purple_2120px.jpg
Cabbage,cabbage,7,data/wiki_images/220px-Cabbage.jpg
Cabbage,cabbage,8,data/wiki_images/220px-Groene_savooiekool_schade_van_kooluil_%28Mamestra_brassicae_damage%29.jpg
Cabbage,cabbage,9,data/wiki_images/220px-%E0%B0%95%E0%B1%8D%E0%B0%AF%E0%B0%BE%E0%B0%AC%E0%B1%87%E0%B0%9C%E0%B1%80_%E0%B0%AE%E0%B0%B0%E0%B0%BF%E0%B0%AF%E0%B1%81_%E0%B0%AA%E0%B1%86%E0%B0%B8%E0%B0%B0%E0%B0%AA%E0%B0%AA%E0%B1%8D%E0%B0%AA%E0%B1%81_%E0%B0%95%E0%B1%82%E0%B0%B0_%282%29.jpg
Cabbage,cabbage,10,data/wiki_images/110px-Broccoli_and_cross_section_edit.jpg
Cantaloupe,cantaloupe,1,data/wiki_images/220px-Cantaloupes.jpg
Cantaloupe,cantaloupe,2,data/wiki_images/220px-Cantaloupe_skin.jpg
Cantaloupe,cantaloupe,3,data/wiki_images/235px-Canteloupe_and_cross_section.jpg
Carrot,carrot,1,data/wiki_images/220px-Vegetable-Carrot-Bundle-wStalks.jpg
Carrot,carrot,2,data/wiki_images/220px-Carrot%2C_Juliana_Anicia_Codex.jpg
Carrot,carrot,3,data/wiki_images/220px-Carrots_of_many_colors.jpg
Carrot,carrot,4,data/wiki_images/220px-Carrots_are_up_%282634523693%29.jpg
Carrot,carrot,5,data/wiki_images/200px-Daucus_carota_May_2008-1_edit.jpg
Carrot,carrot,6,data/wiki_images/200px-DaucusCarota.jpg
Carrot,carrot,7,data/wiki_images/170px-Daucus_carota_flowers%2C_peen_%27Napoli%27_%281%29.jpg
Carrot,carrot,8,data/wiki_images/220px-Harvesting_carrots.jpg
Carrot,carrot,9,data/wiki_images/220px-Carrot_seeds.jpg
Carrot,carrot,10,data/wiki_images/220px-Daucus_carota_subsp._maximus_MHNT.BOT.2007.40.407.jpg
Catfish,catfish,1,data/wiki_images/220px-Nigerian_Fish_sellers_%2813%29.jpg
Catfish,catfish,2,data/wiki_images/220px-Clarias_batrachus.jpg
Catfish,catfish,3,data/wiki_images/220px-Corydoras_semiaquilus_1.jpg
Catfish,catfish,4,data/wiki_images/220px-Channelcat.jpg
Catfish,catfish,5,data/wiki_images/220px-Kryptopterus_2.jpg
Catfish,catfish,6,data/wiki_images/220px-Fisch_im_Restaurant.jpg
Catfish,catfish,7,data/wiki_images/220px-Image-Striped_eel_catfish2.jpg
Catfish,catfish,8,data/wiki_images/220px-Blue_catfish_skeleton.jpg
Catfish,catfish,9,data/wiki_images/140px-Atlantic_cod.jpg
Catfish,catfish,10,data/wiki_images/80px-Pacific_oysters_01.jpg
Catfish,catfish,11,data/wiki_images/140px-Plateau_van_zeevruchten.jpg
Catfish,catfish,12,data/wiki_images/100px-FoodMeat.jpg
Catfish,catfish,13,data/wiki_images/100px-Plateau_van_zeevruchten.jpg
Cauliflower,cauliflower,1,data/wiki_images/150px-Cauliflower_plants_growing_in_New_Jersey_in_April.jpg
Cauliflower,cauliflower,2,data/wiki_images/343px-Cauliflower_broccoflower.jpg
Cauliflower,cauliflower,3,data/wiki_images/150px-Aloo_gobi.jpg
Cauliflower,cauliflower,4,data/wiki_images/150px-Potato_and_cauliflower_curry.jpg
Cauliflower,cauliflower,5,data/wiki_images/150px-Califlower_veloute_at_Hibiscus.jpg
Cauliflower,cauliflower,6,data/wiki_images/110px-Broccoli_and_cross_section_edit.jpg
Celery,celery,1,data/wiki_images/220px-Illustration_Apium_graveolens0.jpg
Celery,celery,2,data/wiki_images/100px-C%C3%A9leri.jpg
Celery,celery,3,data/wiki_images/100px-Celery_%282905891576%29.jpg
Celery,celery,4,data/wiki_images/220px-Celery_cross_section.jpg
Celery,celery,5,data/wiki_images/220px-Chinese_celery.jpg
Celery,celery,6,data/wiki_images/220px-Celery_Cells_%28400x%29.jpg
Celery,celery,7,data/wiki_images/220px-Celery_seed.jpg
Celery,celery,8,data/wiki_images/220px-Selinos_didrachm_ANS_685_670331.jpg
Celery,celery,9,data/wiki_images/220px-Celery_%28apium%29.jpg
Cheese,cheese,1,data/wiki_images/260px-Cowgirl_Creamery_Point_Reyes_-_Red_Hawk_cheese.jpg
Cheese,cheese,2,data/wiki_images/260px-Cheese_%281105942243%29.jpg
Cheese,cheese,3,data/wiki_images/260px-Clara_Peeters_-_Still_Life_with_Cheeses%2C_Almonds_and_Pretzels.jpg
Cheese,cheese,4,data/wiki_images/220px-Hartkaese_HardCheeses.jpg
Cheese,cheese,5,data/wiki_images/220px-Ricotta_affumicata_della_sila.jpg
Cheese,cheese,6,data/wiki_images/220px-9-alimenti%2C_formaggi%2CTaccuino_Sanitatis%2C_Casanatense_4182..jpg
Cheese,cheese,7,data/wiki_images/220px-Cheese_display%2C_Cambridge_MA_-_DSC05391.jpg
Cheese,cheese,8,data/wiki_images/220px-Production_of_cheese_1.jpg
Cheese,cheese,9,data/wiki_images/220px-Parmigiano_reggiano_factory.jpg
Cheese,cheese,10,data/wiki_images/323px-Wikicheese_-_Brie_de_Melun_-_20150515_-_015.jpg
Cheese,cheese,11,data/wiki_images/240px-Bleu_de_Gex.jpg
Cheese,cheese,12,data/wiki_images/247px-Maccagno_%28cheese%29.jpg
Cheese,cheese,13,data/wiki_images/270px-Berkswell_cheese.jpg
Cheese,cheese,14,data/wiki_images/180px-Maroilles_%28cheese%29.jpg
Cheese,cheese,15,data/wiki_images/240px-Mozzarella_cheese.jpg
Cheese,cheese,16,data/wiki_images/240px-Smoked_Gruy%C3%A8re_cheese.jpg
Cheese,cheese,17,data/wiki_images/257px-Bergader_Almk%C3%A4se_Chili_01_WikiCheese_Lokal_K.jpg
Cheese,cheese,18,data/wiki_images/320px-C%C5%93urs_de_Neufch%C3%A2tel_01.jpg
Cheese,cheese,19,data/wiki_images/270px-Cowgirl_Creamery_Point_Reyes_-_Devil%E2%80%99s_Gulch_cheese.jpg
Cheese,cheese,20,data/wiki_images/240px-Camembert_%28Cheese%29.jpg
Cheese,cheese,21,data/wiki_images/270px-WikiCheese_-_Saint-Julien_aux_noix_01.jpg
Cheese,cheese,22,data/wiki_images/277px-Bavaria_blu_03_WikiCheese_Lokal_K.jpg
Cheese,cheese,23,data/wiki_images/240px-SmallEdamCheese.jpg
Cheese,cheese,24,data/wiki_images/270px-Sainte-Maure_de_touraine_03.jpg
Cheese,cheese,25,data/wiki_images/320px-WikiCheese_-_Tentation_du_Vercors_-_20150619_-_001.jpg
Cheese,cheese,26,data/wiki_images/180px-Bleu_d%27%C3%89lizabeth.jpg
Cheese,cheese,27,data/wiki_images/270px-M%C3%A9t%C3%A9orite_fromage.jpg
Cheese,cheese,28,data/wiki_images/270px-Ricotta_salata_e_zucchina.jpg
Cheese,cheese,29,data/wiki_images/320px-WikiCheese_-_Rigotte_de_Condrieu_-_20150619_-_001.jpg
Cheese,cheese,30,data/wiki_images/270px-Parmigiano_Reggiano_DOP_Billa.jpg
Cheese,cheese,31,data/wiki_images/320px-Chabichou_du_Poitou_01.jpg
Cheese,cheese,32,data/wiki_images/270px-Gr%C3%BCnschimmelk%C3%A4se_%C3%96sterkron.jpg
Cheese,cheese,33,data/wiki_images/320px-Reblochon_01.jpg
Cheese,cheese,34,data/wiki_images/320px-Pouligny-saint-pierre_%28fromage%29_02.jpg
Cheese,cheese,35,data/wiki_images/320px-Fourme_d%27Ambert_01.jpg
Cheese,cheese,36,data/wiki_images/320px-Blue_Stilton_02.jpg
Cheese,cheese,37,data/wiki_images/225px-Langres_fromage_AOP_coupe.jpg
Cheese,cheese,38,data/wiki_images/320px-Emmental_%28fromage%29_01.jpg
Cheese,cheese,39,data/wiki_images/292px-2014-12-08_Bergk%C3%A4se_mit_Antipasta_5713.jpg
Cheese,cheese,40,data/wiki_images/227px-2015-01-25_Tobermory%2C_Isle_of_Mull_Cheese_Sgriob-ruadh_Farm_-_hu_-_7900.jpg
Cheese,cheese,41,data/wiki_images/270px-Zacharie_Cloutier_%28fromage%29.jpg
Cheese,cheese,42,data/wiki_images/332px-Sauermilchkaese_diverse.jpg
Cheese,cheese,43,data/wiki_images/178px-Gruyere_alpage_th_wa.jpg
Cheese,cheese,44,data/wiki_images/270px-Wikicheese_-_Brie_de_Nangis_-_20150515_-_018.jpg
Cheese,cheese,45,data/wiki_images/240px-Rouelle_du_Tarn.jpg
Cheese,cheese,46,data/wiki_images/284px-Comte_AOP.jpg
Cheese,cheese,47,data/wiki_images/200px--Saganaki_at_the_Parthenon_Restaurant_in_Chicago.MOV.webm.jpg
Cheese,cheese,48,data/wiki_images/220px-Cheese%2C_wine_and_bread_in_a_sidewalk_cafe_in_Paris%2C_June_2015.jpg
Cheese,cheese,49,data/wiki_images/220px-Cormeilles_Market_9_Artlibre_jnl.jpg
Cheese,cheese,50,data/wiki_images/128px-Different_ketchup_in_a_plate_122425.jpg
Chicken,chicken,1,data/wiki_images/220px-Female_pair.jpg
Chicken,chicken,2,data/wiki_images/220px-Chicken_anatomy.jpg
Chicken,chicken,3,data/wiki_images/300px-Rooster_portrait2.jpg
Chicken,chicken,4,data/wiki_images/378px-Hen_with_chicks%2C_Raisen_district%2C_MP%2C_India.jpg
Chicken,chicken,5,data/wiki_images/200px-Cascais_Costa_do_Esteril_52_%2836583204550%29.jpg
Chicken,chicken,6,data/wiki_images/200px-Chicken_eggs.jpg
Chicken,chicken,7,data/wiki_images/200px-K%C3%BCken_vor_dem_ersten_Ausflug.jpg
Chicken,chicken,8,data/wiki_images/220px-%E0%B0%95%E0%B1%8B%E0%B0%A1%E0%B0%BF_%E0%B0%AA%E0%B0%BF%E0%B0%B2%E0%B1%8D%E0%B0%B2IMG20191207080730-01.jpg
Chicken,chicken,9,data/wiki_images/220px--Embryo.ogv.jpg
Chicken,chicken,10,data/wiki_images/250px-Gallus_gallus_male_Kaziranga_0.jpg
Chicken,chicken,11,data/wiki_images/220px-Red_Junglefowl_hen_India.jpg
Chicken,chicken,12,data/wiki_images/170px-BatteryChicken5DaysOutOfCage.jpg
Chicken,chicken,13,data/wiki_images/220px-Florida_chicken_house.jpg
Chicken,chicken,14,data/wiki_images/220px-Backyard_heritage_chickens_eating_kitchen_food_waste.jpg
Chicken,chicken,15,data/wiki_images/200px-Egg_incubator.jpg
Chicken,chicken,16,data/wiki_images/200px-Persian_Cock.jpg
Chicken,chicken,17,data/wiki_images/250px-Red_junglefowl_hm.jpg
Chicken,chicken,18,data/wiki_images/80px-Falconry_Book_of_Frederick_II_1240s_detail_falconers.jpg
Clam,clam,1,data/wiki_images/260px-Clams_on_Sandy_Hook_beaches_-_panoramio.jpg
Clam,clam,2,data/wiki_images/220px-LittleNeck_clams_USDA96c1862.jpg
Clam,clam,3,data/wiki_images/220px-Sandiego_11_bg_010706.jpg
Clam,clam,4,data/wiki_images/220px-Clams_simmering_in_white_wine_sauce.jpg
Clam,clam,5,data/wiki_images/170px-Sphenoceramus_steenstrupi.jpg
Clam,clam,6,data/wiki_images/220px-2_Tridacna_gigas.jpg
Clam,clam,7,data/wiki_images/160px-Snails-Italy.jpg
Cod,cod,1,data/wiki_images/75px-Blue_walleye.jpg
Cod,cod,2,data/wiki_images/260px-Atlantic_cod.jpg
Cod,cod,3,data/wiki_images/220px-Lernaeocera_branchialis.jpg
Cod,cod,4,data/wiki_images/220px-Preserved_Codfish_Bodara.jpg
Cod,cod,5,data/wiki_images/300px-Surexploitation_morue_surp%C3%AAcheEn.jpg
Cod,cod,6,data/wiki_images/220px-Drying_fish%2C_Burgeo%2C_NL%2C_1908.jpg
Cod,cod,7,data/wiki_images/188px-Commercial_fishing.jpg
Cod,cod,8,data/wiki_images/190px-La_p%C3%AAche_de_la_morue_%C3%A0_Terre-Neuve_en_1858-fabrication_de_l%E2%80%99huile_de_morue.jpg
Cod,cod,9,data/wiki_images/150px-La_p%C3%AAche_de_la_morue_%C3%A0_Terre-Neuve_en_1858.jpg
Cod,cod,10,data/wiki_images/250px-Carlisle_Packing_Co_floating_cannery_NOAA.jpg
Cod,cod,11,data/wiki_images/160px-Little_Girl_with_a_Cod_%28Anna_Ancher%29.jpg
Cod,cod,12,data/wiki_images/288px-Isaac_van_Duynen_-_Still_life_of_fish.jpg
Cod,cod,13,data/wiki_images/120px-Codstamp.jpg
Cod,cod,14,data/wiki_images/165px-20020810_15sant_Latvia_Postage_Stamp.jpg
Cod,cod,15,data/wiki_images/175px-DBP_1964_415_Jugend_Kabeljau.jpg
Cod,cod,16,data/wiki_images/140px-Atlantic_cod.jpg
Cod,cod,17,data/wiki_images/80px-Pacific_oysters_01.jpg
Corn,maize,1,data/wiki_images/220px-Zea_mays_-_K%C3%B6hler%E2%80%93s_Medizinal-Pflanzen-283.jpg
Corn,maize,2,data/wiki_images/220px-Guila_Naquitz_cave.jpg
Corn,maize,3,data/wiki_images/lossy-page1-220px-The_Florentine_Codex-_Agriculture.tiff.jpg
Corn,maize,4,data/wiki_images/220px-Museo_Nacional_de_Antropolog%C3%ADa_-_MA%C3%8DZ.jpg
Corn,maize,5,data/wiki_images/170px-Corntassel_7095.jpg
Corn,maize,6,data/wiki_images/131px-Cornsilk_7091.jpg
Corn,maize,7,data/wiki_images/271px-Corn_blooming.jpg
Corn,maize,8,data/wiki_images/122px-ZeaMays.jpg
Corn,maize,9,data/wiki_images/240px-Ab_food_06.jpg
Corn,maize,10,data/wiki_images/438px-Aa_maize_ear_irregular_01.jpg
Corn,maize,11,data/wiki_images/220px-Zea_mays_%27Ottofile_giallo_Tortonese%27_MHNT.BOT.2015.34.1.jpg
Corn,maize,12,data/wiki_images/220px-Zea_mays_fraise_MHNT.BOT.2011.18.21.jpg
Corn,maize,13,data/wiki_images/220px-Dent_Corn_%27Oaxacan_Green%27_%28Zea_mays%29_MHNT_2.jpg
Corn,maize,14,data/wiki_images/220px-Corncobs.jpg
Corn,maize,15,data/wiki_images/220px-CSIRO_ScienceImage_3195_Maize_or_corn.jpg
Corn,maize,16,data/wiki_images/220px-GEM_corn.jpg
Corn,maize,17,data/wiki_images/220px-Field%2C_corn%2C_Liechtenstein%2C_Mountains%2C_Alps%2C_Vaduz%2C_sky%2C_clouds%2C_landscape.jpg
Corn,maize,18,data/wiki_images/350px-2014_Panorama_Chiang_Klang_District.jpg
Corn,maize,19,data/wiki_images/220px-Maize-teosinte.jpg
Corn,maize,20,data/wiki_images/220px-Mayan_-_Stucco_Portrait_Head_-_Walters_20092026_-_Three_Quarter_Right.jpg
Corn,maize,21,data/wiki_images/170px-Corn_Zea_mays_Plant_Row_2000px.jpg
Corn,maize,22,data/wiki_images/170px-Maispflanze.jpg
Corn,maize,23,data/wiki_images/220px-YellowCorn.jpg
Corn,maize,24,data/wiki_images/220px-Iowa_harvest_2009.jpg
Corn,maize,25,data/wiki_images/220px-MyanmarCorn3.jpg
Corn,maize,26,data/wiki_images/220px-Maisk%C3%B6rner.jpg
Corn,maize,27,data/wiki_images/220px-Sweet_White_Corn.jpg
Corn,maize,28,data/wiki_images/220px-CornKernelBox.jpg
Corn,maize,29,data/wiki_images/175px-Mochica_Corn.jpg
Corn,maize,30,data/wiki_images/32px-Veranotrigo.jpg
Corn,maize,31,data/wiki_images/150px-Corn_3different_types.jpg
Corn,maize,32,data/wiki_images/120px-Sugarcane_field.jpg
Corn,maize,33,data/wiki_images/70px-She-wolf_suckles_Romulus_and_Remus.jpg
Cucumber,cucumber,1,data/wiki_images/220px-ARS_cucumber.jpg
Cucumber,cucumber,2,data/wiki_images/220px-Cucumber_BNC.jpg
Cucumber,cucumber,3,data/wiki_images/135px-Cucumber_vine_in_New_Jersey.jpg
Cucumber,cucumber,4,data/wiki_images/200px-Cucumbers_growing_on_a_string_lattice_structure.jpg
Cucumber,cucumber,5,data/wiki_images/150px-Organic_Gardener_Holding_a_Fresh_Salad_Cucumber.jpg
Cucumber,cucumber,6,data/wiki_images/250px-Kurkkuja.jpg
Cucumber,cucumber,7,data/wiki_images/250px-PicklingCucumbers.jpg
Cucumber,cucumber,8,data/wiki_images/150px-Spreewaldgurke2.jpg
Cucumber,cucumber,9,data/wiki_images/200px-Persiancucumber.jpg
Cucumber,cucumber,10,data/wiki_images/220px-Lobster%2C_Crab%2C_and_a_Cucumber_-_1891P32.jpg
Cucumber,cucumber,11,data/wiki_images/120px-An_Indian_yellow_cucumber.jpg
Cucumber,cucumber,12,data/wiki_images/120px-Yellow_Cucumber.jpg
Cucumber,cucumber,13,data/wiki_images/120px-Komkommer_%28Cucumis_sativus_%27Gele_Tros%27%29.jpg
Cucumber,cucumber,14,data/wiki_images/120px-Hmong_cucumber.jpg
Cucumber,cucumber,15,data/wiki_images/120px-GNTdosakai.jpg
Cucumber,cucumber,16,data/wiki_images/120px-Kurkkuja.jpg
Cucumber,cucumber,17,data/wiki_images/120px-Cucumber_grated.jpg
Cucumber,cucumber,18,data/wiki_images/120px-Mizeria.jpg
Cucumber,cucumber,19,data/wiki_images/120px-%E0%B0%A6%E0%B1%8B%E0%B0%B8%E0%B0%95%E0%B0%BE%E0%B0%AF_%E0%B0%89%E0%B0%B2%E0%B1%8D%E0%B0%B2%E0%B0%BF%E0%B0%AA%E0%B0%BE%E0%B0%AF_%E0%B0%AA%E0%B1%8B%E0%B0%AA%E0%B1%81_%E0%B0%95%E0%B1%82%E0%B0%B0.jpg
Duck,duck,1,data/wiki_images/220px-Bucephala-albeola-010.jpg
Duck,duck,2,data/wiki_images/220px-Mallard_drake_.02.jpg
Duck,duck,3,data/wiki_images/220px-Pacific_Black_Ducks_on_pond_ducking.jpg
Duck,duck,4,data/wiki_images/220px-Mandarin.duck.arp.jpg
Duck,duck,5,data/wiki_images/220px-Duck_1_filter_teeth_edit.jpg
Duck,duck,6,data/wiki_images/220px--Duckling_preening_%2881313%29.webm.jpg
Duck,duck,7,data/wiki_images/220px-Parrulo_-Muscovy_duckling.jpg
Duck,duck,8,data/wiki_images/220px-Last_day_in_Ushuaia%2C_Argentina.Flying_Steamer-Ducks_%28Tachyeres_patachonicus%29_in_various_artistic_settings.Harbour_silhouettes._%2825921897721%29.jpg
Duck,duck,9,data/wiki_images/220px-Tunnel_of_ducks.jpg
Flounder,flounder,1,data/wiki_images/250px-Pseudopleuronectes_americanus.jpg
Flounder,flounder,2,data/wiki_images/250px-Flounder_hawaii.jpg
Flounder,flounder,3,data/wiki_images/280px-Flounder_%2848797888528%29.jpg
Flounder,flounder,4,data/wiki_images/250px-Flounder_camo_md.jpg
Flounder,flounder,5,data/wiki_images/140px-Psammodiscus_ocellatus.jpg
Flounder,flounder,6,data/wiki_images/140px-Ancylopsetta_dilecta_2.jpg
Flounder,flounder,7,data/wiki_images/140px-Pseudopleuronectes_americanus.jpg
Flounder,flounder,8,data/wiki_images/140px-Psetta_maxima_Luc_Viatour.jpg
Flounder,flounder,9,data/wiki_images/140px-Atlantic_cod.jpg
Flounder,flounder,10,data/wiki_images/80px-Pacific_oysters_01.jpg
Grapefruit,grapefruit,1,data/wiki_images/220px-Grapefruit-Whole-%26-Split.jpg
Grapefruit,grapefruit,2,data/wiki_images/170px-KC_Atwood.jpg
Grapefruit,grapefruit,3,data/wiki_images/220px-Citrus_paradisi_%28Grapefruit%2C_pink%29_white_bg.jpg
Grape,grape,1,data/wiki_images/220px-Table_grapes_on_white.jpg
Grape,grape,2,data/wiki_images/170px-ConcordGrapes.jpg
Grape,grape,3,data/wiki_images/170px-Wine_grapes03.jpg
Grape,grape,4,data/wiki_images/220px-Raisins_01.jpg
Grape,grape,5,data/wiki_images/170px-Grape_Juice.jpg
Grape,grape,6,data/wiki_images/148px-Grapes.jpg
Grape,grape,7,data/wiki_images/239px-Cyprusgrapefarm.jpg
Grape,grape,8,data/wiki_images/240px-Seedless_grapes_of_Kallidaikurichi.jpg
Grape,grape,9,data/wiki_images/270px-Grapes_in_the_Philippines_1.jpg
Grape,grape,10,data/wiki_images/55px-Orange_juice_1.jpg
Grape,grape,11,data/wiki_images/120px-Sugarcane_field.jpg
Halibut,halibut,1,data/wiki_images/310px-Hippoglossus_hippoglossus.jpg
Halibut,halibut,2,data/wiki_images/220px-Fishermen_with_their_halibut.jpg
Halibut,halibut,3,data/wiki_images/220px-Alaska_2007_071.jpg
Halibut,halibut,4,data/wiki_images/220px-Steamed_Halibut.jpg
Halibut,halibut,5,data/wiki_images/140px-Psammodiscus_ocellatus.jpg
Halibut,halibut,6,data/wiki_images/140px-Ancylopsetta_dilecta_2.jpg
Halibut,halibut,7,data/wiki_images/140px-Pseudopleuronectes_americanus.jpg
Halibut,halibut,8,data/wiki_images/140px-Psetta_maxima_Luc_Viatour.jpg
Halibut,halibut,9,data/wiki_images/140px-Atlantic_cod.jpg
Halibut,halibut,10,data/wiki_images/80px-Pacific_oysters_01.jpg
Haddock,haddock,1,data/wiki_images/330px-Landings_east_Atlantic.jpg
Haddock,haddock,2,data/wiki_images/330px-Landings_west2.jpg
Haddock,haddock,3,data/wiki_images/220px-10th_May_2012_Smoked_Haddock.jpg
Haddock,haddock,4,data/wiki_images/140px-Atlantic_cod.jpg
Haddock,haddock,5,data/wiki_images/80px-Pacific_oysters_01.jpg
Kiwi,kiwifruit,1,data/wiki_images/220px-Actinidia_fruits.jpg
Kiwi,kiwifruit,2,data/wiki_images/220px-Kiwi1.1.jpg
Kiwi,kiwifruit,3,data/wiki_images/220px-Red_kiwi_fruit_slices.jpg
Kiwi,kiwifruit,4,data/wiki_images/220px-Hardy-Kiwi-Comparison-3.jpg
Kiwi,kiwifruit,5,data/wiki_images/220px-Golden_kiwifruit.jpg
Kiwi,kiwifruit,6,data/wiki_images/220px-Kiwifruit-Actinidia_deliciosa-plantation.jpg
Lamb,sheep,1,data/wiki_images/240px-Flock_of_sheep.jpg
Lamb,sheep,2,data/wiki_images/250px-Sheep_in_Kashmir_2.jpg
Lamb,sheep,3,data/wiki_images/220px-Take_ours%21.jpg
Lamb,sheep,4,data/wiki_images/220px-Cr%C3%A2ne_mouton.jpg
Lamb,sheep,5,data/wiki_images/220px-Synchronized_Sheep_Judging.jpg
Lamb,sheep,6,data/wiki_images/220px-Li%C4%8Dka_pramenka.jpg
Lamb,sheep,7,data/wiki_images/220px-A_flock_of_Australian_White_Sheep_in_Mudgegonga%2C_Victoria%2C_Australia._This_is_breed_of_hair_sheep_suited_for_the_hot_and_varied_Australian_climate.jpg
Lamb,sheep,8,data/wiki_images/220px-Rumen-sheep2.jpg
Lamb,sheep,9,data/wiki_images/220px-Border_Collie_sheepdog_trial.jpg
Lamb,sheep,10,data/wiki_images/220px-Flock_of_sheep_in_South_Africa_%282015%29.jpg
Lamb,sheep,11,data/wiki_images/220px-Round_%27em_up.jpg
Lamb,sheep,12,data/wiki_images/220px-Lamb_09807-a.jpg
Lamb,sheep,13,data/wiki_images/220px-Emerging_lamb_cropped.jpg
Lamb,sheep,14,data/wiki_images/220px-Lamb_first_steps_%28edited%29.jpg
Lamb,sheep,15,data/wiki_images/170px-Scrapie_testing.jpg
Lamb,sheep,16,data/wiki_images/220px-Sheep_with_orf.jpg
Lamb,sheep,17,data/wiki_images/220px-Coyotekilling.jpg
Lamb,sheep,18,data/wiki_images/220px-Lamb_meat.jpg
Lamb,sheep,19,data/wiki_images/220px-Dolly_face_closeup.jpg
Lamb,sheep,20,data/wiki_images/130px-Ovine_heart.jpg
Lamb,sheep,21,data/wiki_images/220px-Black_sheep-1.jpg
Lamb,sheep,22,data/wiki_images/170px-Bernhard_Plockhorst_-_Good_Shephard.jpg
Lamb,sheep,23,data/wiki_images/220px-Nicolaes_Pietersz_Berchem%2C_Sheep%2C_NGA_52280.jpg
Lamb,sheep,24,data/wiki_images/70px-She-wolf_suckles_Romulus_and_Remus.jpg
Lamb,sheep,25,data/wiki_images/24px-04-09-12-Schaupfl%C3%BCgen-Fahrenwalde-RalfR-IMG_1232.jpg
Lamb,sheep,26,data/wiki_images/24px-Okapi2.jpg
Lamb,sheep,27,data/wiki_images/24px-Caribou_from_Wagon_Trails.jpg
Lamb,sheep,28,data/wiki_images/24px-Issoria_lathonia.jpg
Lemon,lemon,1,data/wiki_images/220px-Lemon-Whole-Split.jpg
Lemon,lemon,2,data/wiki_images/250px-Citrus_x_limon_-_K%C3%B6hler%E2%80%93s_Medizinal-Pflanzen-041.jpg
Lemon,lemon,3,data/wiki_images/150px-Flowers_blossoms.jpg
Lemon,lemon,4,data/wiki_images/90px-Lemon-citrus_limon_seedling.jpg
Lemon,lemon,5,data/wiki_images/90px-P2101990%2Clemon.jpg
Lemon,lemon,6,data/wiki_images/150px-Citrus_x_limon_%27Variegated_Pink%27_-_Lemon.jpg
Lemon,lemon,7,data/wiki_images/55px-Orange_juice_1.jpg
Lettuce,lettuce,1,data/wiki_images/220px-Iceberg_lettuce_in_SB.jpg
Lettuce,lettuce,2,data/wiki_images/220px-Lactuca_sativa_seeds.jpg
Lettuce,lettuce,3,data/wiki_images/220px-Lactuca_sativa%2C_botersla.jpg
Lettuce,lettuce,4,data/wiki_images/220px-Kropsla_vruchten_%28Lactuca_sativa_fruits%29.jpg
Lettuce,lettuce,5,data/wiki_images/170px-Romaine_lettuce.jpg
Lettuce,lettuce,6,data/wiki_images/200px-Park_Lane_Nurseries_-_geograph.org.uk_-_583201.jpg
Lettuce,lettuce,7,data/wiki_images/220px-Planche_Lactuca_sativa.jpg
Lettuce,lettuce,8,data/wiki_images/220px-Lettuce_mix.jpg
Lettuce,lettuce,9,data/wiki_images/170px-Starr_081031-0356_Lactuca_sativa.jpg
Lettuce,lettuce,10,data/wiki_images/220px-Lettuce_plant_reaching_for_the_sky.jpg
Lime,lime_(fruit),1,data/wiki_images/220px-Lime_Blossom.jpg
Lime,lime_(fruit),2,data/wiki_images/220px-Citrus_hystrix_dsc07772.jpg
Lime,lime_(fruit),3,data/wiki_images/235px-Lime-Whole-Split.jpg
Lime,lime_(fruit),4,data/wiki_images/55px-Orange_juice_1.jpg
Lobster,lobster,1,data/wiki_images/220px-KreeftbijDenOsse.jpg
Lobster,lobster,2,data/wiki_images/220px-Lobster%2C_Crab%2C_and_a_Cucumber_-_1891P32.jpg
Lobster,lobster,3,data/wiki_images/220px-Lobster_in_Boston.jpg
Lobster,lobster,4,data/wiki_images/220px-Lobster_in_Stokkseyri.jpg
Lobster,lobster,5,data/wiki_images/220px-Lobster_for_sale_in_Connecticut_in_salt_water_tank.jpg
Lobster,lobster,6,data/wiki_images/220px-Acanthocaris_tenuimana.jpg
Lobster,lobster,7,data/wiki_images/220px-Metanephrops_japonicus_edit.jpg
Lobster,lobster,8,data/wiki_images/220px-Nephropsis_rosea.jpg
Lobster,lobster,9,data/wiki_images/32px-Charybdis_japonica.jpg
Lobster,lobster,10,data/wiki_images/115px-Nephropsis_rosea.jpg
Lobster,lobster,11,data/wiki_images/140px-Atlantic_cod.jpg
Lobster,lobster,12,data/wiki_images/80px-Pacific_oysters_01.jpg
Lobster,lobster,13,data/wiki_images/140px-Plateau_van_zeevruchten.jpg
Lobster,lobster,14,data/wiki_images/100px-FoodMeat.jpg
Lobster,lobster,15,data/wiki_images/100px-Plateau_van_zeevruchten.jpg
Milk,milk,1,data/wiki_images/220px-Glass_of_Milk_%2833657535532%29.jpg
Milk,milk,2,data/wiki_images/220px-Melkkarussell.jpg
Milk,milk,3,data/wiki_images/170px-Woman_breastfeeding_an_infant.jpg
Milk,milk,4,data/wiki_images/220px-Goat_kid_feeding_on_mothers_milk.jpg
Milk,milk,5,data/wiki_images/220px-Cow_female_black_white.jpg
Milk,milk,6,data/wiki_images/170px-Bundesarchiv_Bild_183-2004-0708-501%2C_Berlin%2C_Milch_von_Bolle_in_der_Pause.jpg
Milk,milk,7,data/wiki_images/220px-SR_4409_6_Wheeled_Milk_Wagon_Didcot_Railway_Centre.jpg
Milk,milk,8,data/wiki_images/220px-Aesthetic_Milk_Vehicle.jpg
Milk,milk,9,data/wiki_images/220px-Milk_supply_1959_in_Oberlech%2C_Austria.jpg
Milk,milk,10,data/wiki_images/150px-Goat_family.jpg
Milk,milk,11,data/wiki_images/134px-Water_buffaloes_Sri_Lanka_grazing.jpg
Milk,milk,12,data/wiki_images/220px-Cow_milking_machine_in_action_DSC04132.jpg
Milk,milk,13,data/wiki_images/170px-Dairy_Crest_Semi_Skimmed_Milk_Bottle.jpg
Milk,milk,14,data/wiki_images/170px-Glass_milk_bottles.jpg
Milk,milk,15,data/wiki_images/170px-Milk-bottle.jpg
Milk,milk,16,data/wiki_images/220px-TotallyFreeImages_com-421312-Standard-preview.jpg
Milk,milk,17,data/wiki_images/200px-Israeli_Milk_Bag.jpg
Milk,milk,18,data/wiki_images/200px-Mejeriprodukter_i_Sk%C3%A5nsk_butik.jpg
Milk,milk,19,data/wiki_images/170px-Yakult_brazil.jpg
Milk,milk,20,data/wiki_images/170px-Kipsigis_Gourd.jpg
Milk,milk,21,data/wiki_images/200px-Steamed_milk.jpg
Milk,milk,22,data/wiki_images/170px-From_Abhisheka_To_Panchamrutha.jpg
Milk,milk,23,data/wiki_images/230px-Milk_Bath_%28Unsplash_kgMhHiXOBgs%29.jpg
Mushroom,mushroom,1,data/wiki_images/220px-Zwerg_Postkarte_001.jpg
Mushroom,mushroom,2,data/wiki_images/220px-Hypomyces_lactifluorum_169126.jpg
Mushroom,mushroom,3,data/wiki_images/220px-Amanita_stirps_Hemibapha_45069.jpg
Mushroom,mushroom,4,data/wiki_images/220px-Lactarius_indigo_48568.jpg
Mushroom,mushroom,5,data/wiki_images/220px-Morelasci.jpg
Mushroom,mushroom,6,data/wiki_images/220px-Pop-up_mushroom.jpg
Mushroom,mushroom,7,data/wiki_images/220px-Yellowmushrooms.jpg
Mushroom,mushroom,8,data/wiki_images/220px-ChampignonMushroom.jpg
Mushroom,mushroom,9,data/wiki_images/220px-Mixed_mushrooms.jpg
Mushroom,mushroom,10,data/wiki_images/220px-Amanita_phalloides_young.jpg
Mushroom,mushroom,11,data/wiki_images/220px-Psilocybe.zapotecorum.1.jpg
Mushroom,mushroom,12,data/wiki_images/220px-2014-02-26_Ganoderma_lingzhi_Sheng_H._Wu%2C_Y._Cao_%26_Y.C._Dai_574882.jpg
Mushroom,mushroom,13,data/wiki_images/220px-Fomes_fomentarius.jpg
Oat,oat,1,data/wiki_images/220px-Avena_sativa_L.jpg
Oat,oat,2,data/wiki_images/220px-Avena-sativa.jpg
Oat,oat,3,data/wiki_images/220px-Oatnoodles.jpg
Oat,oat,4,data/wiki_images/220px-Haverkorrels_Avena_sativa.jpg
Oat,oat,5,data/wiki_images/120px-Sugarcane_field.jpg
Onion,onion,1,data/wiki_images/220px-Mixed_onions.jpg
Onion,onion,2,data/wiki_images/220px-ARS_red_onion.jpg
Onion,onion,3,data/wiki_images/220px-An_onion%2C_woodcut%2C_1547_Wellcome_L0029214.jpg
Onion,onion,4,data/wiki_images/220px-Tranby_house_31_gnangarra.jpg
Onion,onion,5,data/wiki_images/lossy-page1-220px-Cells_from_a_red_onion_epidermal_peel.tif.jpg
Onion,onion,6,data/wiki_images/220px-Cortando_cebolla.jpg
Onion,onion,7,data/wiki_images/220px-Onion_mother_plants_%28bulbs%29_for_production_seeds.jpg
Onion,onion,8,data/wiki_images/220px-Field_with_onions.jpg
Onion,onion,9,data/wiki_images/220px-Uienvlieg_maden.jpg
Onion,onion,10,data/wiki_images/220px-%E0%B0%89%E0%B0%B2%E0%B1%8D%E0%B0%B2%E0%B0%BF%E0%B0%AA%E0%B0%BE%E0%B0%AF_%E0%B0%95%E0%B0%BE%E0%B0%B0%E0%B0%82_%282%29.jpg
Onion,onion,11,data/wiki_images/220px-Cipollatropea.jpg
Onion,onion,12,data/wiki_images/80px-Iridaceae_-_Allium_neapolitanum_%288303567329%29.jpg
Orange,orange_(fruit),1,data/wiki_images/220px-Orange-Whole-%26-Split.jpg
Orange,orange_(fruit),2,data/wiki_images/220px-Nigerian_street_Orange_seller_%286%29.jpg
Orange,orange_(fruit),3,data/wiki_images/220px-OrangeBloss_wb.jpg
Orange,orange_(fruit),4,data/wiki_images/170px-Oranges_and_orange_juice.jpg
Orange,orange_(fruit),5,data/wiki_images/220px-Mandarin_Oranges_%28Citrus_Reticulata%29.jpg
Orange,orange_(fruit),6,data/wiki_images/170px-Yellow_Oranges_and_Green_Tangerines_%28%E6%A9%99%E9%BB%83%E6%A9%98%E7%B6%A0%29_by_Zhao_Lingrang_%28%E8%B6%99%E4%BB%A4%E7%A9%B0%29.jpg
Orange,orange_(fruit),7,data/wiki_images/220px-Nigerian_Orange_seller_%282%29.jpg
Orange,orange_(fruit),8,data/wiki_images/220px--Cross_Cut_Orange.ogv.jpg
Orange,orange_(fruit),9,data/wiki_images/170px-Citrus_sinensis_seedlings.jpg
Orange,orange_(fruit),10,data/wiki_images/220px-Oranges_blood_vs_regular.jpg
Orange,orange_(fruit),11,data/wiki_images/170px-Saftpresse_hg.jpg
Orange,orange_(fruit),12,data/wiki_images/lossy-page1-220px-M%C3%A5leri%2C_stilleben._Frukt_-_Skoklosters_slott_-_88970.tif.jpg
Orange,orange_(fruit),13,data/wiki_images/170px-OUDRY_Orange_Tree.jpg
Orange,orange_(fruit),14,data/wiki_images/220px-California_Orange_Grove2.jpg
Orange,orange_(fruit),15,data/wiki_images/220px-2010-12-14_Maroc_Agadir_Soukh_local_market.jpg
Orange,orange_(fruit),16,data/wiki_images/170px-Sevilleorangemarmalade.jpg
Oyster,oyster,1,data/wiki_images/220px-Crassostrea_gigas_p1040848.jpg
Oyster,oyster,2,data/wiki_images/220px-Oyster_dubai.jpg
Oyster,oyster,3,data/wiki_images/220px-Pearl_Oysters.jpg
Oyster,oyster,4,data/wiki_images/175px-Crassostrea_gigas_p1040847.jpg
Oyster,oyster,5,data/wiki_images/158px-Crassostrea_gigas_Marennes_p1050142.jpg
Oyster,oyster,6,data/wiki_images/220px-Oyster_reef_Hunting_Island_SC.jpg
Oyster,oyster,7,data/wiki_images/220px-Electric_oyster_MolluSCAN_eye_project.jpg
Oyster,oyster,8,data/wiki_images/220px-Osias_Beert_the_Elder_-_Dishes_with_Oysters%2C_Fruit%2C_and_Wine_-_Google_Art_Project.jpg
Oyster,oyster,9,data/wiki_images/220px-Alexander_Adriaenssen_-_Still-Life_with_Oysters_-_WGA0035.jpg
Oyster,oyster,10,data/wiki_images/220px-Oyster_culture_in_Belon%2C_France_03.jpg
Oyster,oyster,11,data/wiki_images/220px-European_Flat_Oyster.jpg
Oyster,oyster,12,data/wiki_images/220px-Chargrilled_oysters.jpg
Oyster,oyster,13,data/wiki_images/220px-Couteau_%C3%A0_huitre_-_cot%C3%A9.jpg
Oyster,oyster,14,data/wiki_images/220px-Oysters_in_depuration_tank_%288535757902%29.jpg
Oyster,oyster,15,data/wiki_images/160px-Snails-Italy.jpg
Oyster,oyster,16,data/wiki_images/140px-Atlantic_cod.jpg
Oyster,oyster,17,data/wiki_images/80px-Pacific_oysters_01.jpg
Peach,peach,1,data/wiki_images/220px-Illustration_Prunus_persica0.jpg
Peach,peach,2,data/wiki_images/220px-Autumn_Red_peaches.jpg
Peach,peach,3,data/wiki_images/220px-Amygdalus_persica2.jpg
Peach,peach,4,data/wiki_images/220px-Dried_date%2C_peach%2C_apricot%2C_and_stones._From_Lahun%2C_Fayum%2C_Egypt._Late_Middle_Kingdom._The_Petrie_Museum_of_Egyptian_Archaeology%2C_London.jpg
Peach,peach,5,data/wiki_images/220px-Bee_pollinating_peach_flower.jpg
Peach,peach,6,data/wiki_images/290px-White_peach_and_cross_section_edit.jpg
Peach,peach,7,data/wiki_images/220px-White_nectarine_and_cross_section02_edit.jpg
Peach,peach,8,data/wiki_images/220px-Nectarine_Fruit_Development.jpg
Peach,peach,9,data/wiki_images/220px-Pierre-Auguste_Renoir_-_P%C3%AAches.jpg
Peach,peach,10,data/wiki_images/120px-Peach_flowers.jpg
Peach,peach,11,data/wiki_images/90px-Breskva_Collins_-_zametnuti_plodovi.jpg
Peach,peach,12,data/wiki_images/79px-Pomological_Watercolor_POM00005183.jpg
Peach,peach,13,data/wiki_images/98px-Claude_Monet_-_Das_Pfirsichglas.jpg
Pear,pear,1,data/wiki_images/220px-Pears.jpg
Pear,pear,2,data/wiki_images/220px-Pear_DS.jpg
Pear,pear,3,data/wiki_images/220px-PearBlossomsCalifornia.jpg
Pear,pear,4,data/wiki_images/220px-Assortment_of_pears.jpg
Pear,pear,5,data/wiki_images/220px-Pyrus_pyrifolia.jpg
Pear,pear,6,data/wiki_images/220px-Pear_tree_in_Hamedan_Iran.jpg
Pear,pear,7,data/wiki_images/120px-Pyrus_communis_gestoofde_stoofpeer_Gieser_Wildeman.jpg
Pear,pear,8,data/wiki_images/90px-Pear_in_a_bottle.jpg
Pear,pear,9,data/wiki_images/108px-Pear_Blossom_in_Eastern_Siberia.jpg
Pear,pear,10,data/wiki_images/45px-PearPhoto.jpg
Pineapple,pineapple,1,data/wiki_images/220px-%E0%B4%95%E0%B5%88%E0%B4%A4%E0%B4%9A%E0%B5%8D%E0%B4%9A%E0%B4%95%E0%B5%8D%E0%B4%95.jpg
Pineapple,pineapple,2,data/wiki_images/220px-PineApple_-_Ananas_comosus_-_starting_stage.jpg
Pineapple,pineapple,3,data/wiki_images/220px-Flowering_Pineapple_Sept_4_2011.jpg
Pineapple,pineapple,4,data/wiki_images/220px-Thevet1558Pineapple.jpg
Pineapple,pineapple,5,data/wiki_images/220px-Charles-pineapple.jpg
Pineapple,pineapple,6,data/wiki_images/220px-Pineapple_and_cross_section.jpg
Pineapple,pineapple,7,data/wiki_images/272px-Chicken_Afritada_on_white_rice_with_pineapple_tidbits_%28Philippines%29_2.jpg
Pineapple,pineapple,8,data/wiki_images/237px-Pineapple_chicken_%28Pininyahang_Manok%29.jpg
Pineapple,pineapple,9,data/wiki_images/240px-2017-11-13_13_56_02_Sicilian_pizza_with_mushrooms_and_pineapple_from_Buon_Appetito%27s_NY_Pizza_in_Dulles%2C_Loudoun_County%2C_Virginia.jpg
Pineapple,pineapple,10,data/wiki_images/220px-Azores-Day4-16_%2833766683744%29.jpg
Pineapple,pineapple,11,data/wiki_images/220px-Ananas_bracteatus%2C_Dole_Pineapple_Plantation%2C_Oahu%2C_Hawaii%2C_USA2.jpg
Pineapple,pineapple,12,data/wiki_images/220px-Del_Monte_Pineapple_field_at_Camp_Philips%2C_Bukidnon%2C_Philippines_03.jpg
Pineapple,pineapple,13,data/wiki_images/120px-Abacaxi_%28Ananas_comosus%29_2014-07-14_20-40.jpg
Pineapple,pineapple,14,data/wiki_images/120px-Ananas_comosus_Victoria_P1190459.jpg
Pineapple,pineapple,15,data/wiki_images/209px-Tampuhan_by_Juan_Luna.jpg
Pineapple,pineapple,16,data/wiki_images/240px-Barong_Up_Close.jpg
Pineapple,pineapple,17,data/wiki_images/144px-Kerchief_MET_25.132.8.jpg
Pineapple,pineapple,18,data/wiki_images/174px-Handkerchief_%28Philippines%29%2C_19th_century_%28CH_18386747%29.jpg
Pineapple,pineapple,19,data/wiki_images/120px--Preparing_pineapple_-_01.ogv.jpg
Pineapple,pineapple,20,data/wiki_images/71px-Pineapple_%28organic%29.jpg
Pineapple,pineapple,21,data/wiki_images/80px-Pineapple_detail.jpg
Pineapple,pineapple,22,data/wiki_images/80px-Pineapple_leaf_detail.jpg
Pineapple,pineapple,23,data/wiki_images/50px-Ananas~May_2008-1.jpg
Pineapple,pineapple,24,data/wiki_images/55px-Orange_juice_1.jpg
Plum,plum,1,data/wiki_images/220px-Red-Plums.jpg
Plum,plum,2,data/wiki_images/220px-Black_Amber_Plum_DS.jpg
Plum,plum,3,data/wiki_images/220px-Plum_blossom_on_the_first_day_of_spring_-_geograph.org.uk_-_1214413.jpg
Plum,plum,4,data/wiki_images/220px-Closeup_of_blackthorn_aka_sloe_aka_prunus_spinosa_sweden_20050924.jpg
Plum,plum,5,data/wiki_images/240px-Greengages_0.jpg
Plum,plum,6,data/wiki_images/240px-Mirabellen.jpg
Plum,plum,7,data/wiki_images/197px-Prunus_domestica_%27Reine_Victoria%27.jpg
Plum,plum,8,data/wiki_images/220px-970718-DriedGoldenPlum-IMG_7527-2.jpg
Plum,plum,9,data/wiki_images/120px-Rote_Kirschpflaumen_01.jpg
Plum,plum,10,data/wiki_images/120px-Prunus_japonica_blossom.jpg
Plum,plum,11,data/wiki_images/120px-Emma_Leppermann_1.jpg
Plum,plum,12,data/wiki_images/120px-Damson_plum_fruit.jpg
Plum,plum,13,data/wiki_images/120px-3_blood_plums_on_tree.jpg
Plum,plum,14,data/wiki_images/120px-Closeup_of_blackthorn_aka_sloe_aka_prunus_spinosa_sweden_20050924.jpg
Plum,plum,15,data/wiki_images/120px-Prunus_americanus_-_Flickr_-_Dick_Culbert.jpg
Plum,plum,16,data/wiki_images/120px-Prunus_armeniaca_E1.jpg
Plum,plum,17,data/wiki_images/120px-Prunus_maritima.jpg
Plum,plum,18,data/wiki_images/120px-Prunus_mexicana-fruits-leaves.jpg
Plum,plum,19,data/wiki_images/120px-Prunus_nigra_5444371.jpg
Plum,plum,20,data/wiki_images/120px-Prunus_subcordata_2.jpg
Plum,plum,21,data/wiki_images/120px-Prunus_umbellata_UGA1120568.jpg
Plum,plum,22,data/wiki_images/120px-Prunus_brigantina_img-000182269O.jpg
Plum,plum,23,data/wiki_images/120px-Prunus_mandshurica_with_bee_1crop.jpg
Plum,plum,24,data/wiki_images/120px-Prunus_mume_fruits.jpg
Plum,plum,25,data/wiki_images/120px-%D0%A1%D0%B8%D0%B1%D0%B8%D1%80%D1%81%D0%BA%D0%B8%D0%B9_%D0%B0%D0%B1%D1%80%D0%B8%D0%BA%D0%BE%D1%81.jpg
Pork,pork,1,data/wiki_images/220px-Schweinebauch-2.jpg
Pork,pork,2,data/wiki_images/220px-1850_le_depecage_de_porc_par_Louis_Humbert_de_Molard_1847_1898.jpg
Pork,pork,3,data/wiki_images/220px-Vindalho.jpg
Pork,pork,4,data/wiki_images/220px-Tonkatsu_set_by_banej_in_Singapore.jpg
Pork,pork,5,data/wiki_images/220px-Smoked_country_style_pork_ribs.jpg
Pork,pork,6,data/wiki_images/290px-Bologna_amazing_hams_sausages_mortadella.jpg
Pork,pork,7,data/wiki_images/220px-Pork.jpg
Pork,pork,8,data/wiki_images/120px-Sweet_and_sour_pork.jpg
Pork,pork,9,data/wiki_images/120px-Khao_mu_krop_mu_daeng_in_Nong_Khai.jpg
Pork,pork,10,data/wiki_images/120px-Bakutteh.jpg
Pork,pork,11,data/wiki_images/120px-01_Sch%C3%A4ufele_und_Kn%C3%B6del.jpg
Pork,pork,12,data/wiki_images/109px-Feijoada_in_Belgium.jpg
Pork,pork,13,data/wiki_images/120px-Lechon.jpg
Pork,pork,14,data/wiki_images/120px-Nepali_pork_curry.jpg
Pork,pork,15,data/wiki_images/120px-Christmas_table_%28Serbian_cuisine%29.jpg
Pork,pork,16,data/wiki_images/120px-Porcetto_sardo_3.jpg
Pork,pork,17,data/wiki_images/175px-Sow_with_piglet.jpg
Pork,pork,18,data/wiki_images/100px-FoodMeat.jpg
Pork,pork,19,data/wiki_images/100px-Plateau_van_zeevruchten.jpg
Quinoa,quinoa,1,data/wiki_images/220px-Chenopodium_quinoa0.jpg
Quinoa,quinoa,2,data/wiki_images/220px-QuinoaGrains.jpg
Quinoa,quinoa,3,data/wiki_images/220px-Peru_Chenopodium_quinoa.jpg
Quinoa,quinoa,4,data/wiki_images/120px-Quinoa.jpg
Quinoa,quinoa,5,data/wiki_images/80px-Chenopodium_quinoa_before_flowering.jpg
Brown Rice,brown_rice,1,data/wiki_images/220px-Brownrice.jpg
Brown Rice,brown_rice,2,data/wiki_images/170px-Reis_-_Sorte_C_roh.jpg
Brown Rice,brown_rice,3,data/wiki_images/170px-Reis_-_Sorte_C_voll.jpg
Brown Rice,brown_rice,4,data/wiki_images/170px-Reis_-_Sorte_C_weiss.jpg
Brown Rice,brown_rice,5,data/wiki_images/170px-Par_cooked_brown_rice_-_stonesoup.jpg
Brown Rice,brown_rice,6,data/wiki_images/100px-White%2C_Brown%2C_Red_%26_Wild_rice.jpg
Salmon,salmon,1,data/wiki_images/220px-Salmo_salar.jpg
Salmon,salmon,2,data/wiki_images/120px-OncorhynchusTschawytscha2.jpg
Salmon,salmon,3,data/wiki_images/120px-%D0%9A%D0%B5%D1%82%D0%B0%2C_%D0%BE%D0%BA%D1%82%D1%8F%D0%B1%D1%80%D1%8C_2016.jpg
Salmon,salmon,4,data/wiki_images/120px-Coho_Spawning_on_the_Salmon_River_%2816335495542%29.jpg
Salmon,salmon,5,data/wiki_images/120px-Oncorhynchus_masou_02.jpg
Salmon,salmon,6,data/wiki_images/120px-Pink_Salmon_%283%29editresize_%2816273595915%29.jpg
Salmon,salmon,7,data/wiki_images/120px-July_2010%2C_Spawning_male_sockeye_%286990781448%29.jpg
Salmon,salmon,8,data/wiki_images/75px-Blue_walleye.jpg
Salmon,salmon,9,data/wiki_images/330px-Salmon_leaping_at_Willamette_Falls.jpg
Salmon,salmon,10,data/wiki_images/220px-Life_cycle_of_Pacific_salmon.jpg
Salmon,salmon,11,data/wiki_images/160px-Salmoneggskils.jpg
Salmon,salmon,12,data/wiki_images/160px-Salmonlarvakils.jpg
Salmon,salmon,13,data/wiki_images/220px-SalmonoidsBergeau.jpg
Salmon,salmon,14,data/wiki_images/220px-Coho.jpg
Salmon,salmon,15,data/wiki_images/220px-Lake_Washington_Ship_Canal_Fish_Ladder_pamphlet_-_ocean_phase_Sockeye.jpg
Salmon,salmon,16,data/wiki_images/220px-Oncorhynchus_nerka.flipped.jpg
Salmon,salmon,17,data/wiki_images/220px-Cub_with_trophy.jpg
Salmon,salmon,18,data/wiki_images/170px-Sockeye_salmon_jumping_over_beaver_dam_Lake_Aleknagik%2C_AK_Kristina_Ramstad_1997.jpg
Salmon,salmon,19,data/wiki_images/220px-In_the_net%5E_-_geograph.org.uk_-_98595.jpg
Salmon,salmon,20,data/wiki_images/220px-Salmon_newborn.jpg
Salmon,salmon,21,data/wiki_images/220px-Becharof_Wilderness_Salmon.jpg
Salmon,salmon,22,data/wiki_images/220px-Salmon_sashimi.jpg
Salmon,salmon,23,data/wiki_images/220px-Wenceslas_Hollar_-_Salmon_fishing_%28State_1%29.jpg
Salmon,salmon,24,data/wiki_images/220px-Bigfish_Belfast_closeup.jpg
Salmon,salmon,25,data/wiki_images/140px-Salmo_salar_GLERL_1.jpg
Salmon,salmon,26,data/wiki_images/140px-Atlantic_cod.jpg
Salmon,salmon,27,data/wiki_images/80px-Pacific_oysters_01.jpg
Scallop,scallop,1,data/wiki_images/220px-Argopecten_irradians.jpg
Scallop,scallop,2,data/wiki_images/220px-Opened_scallop_shell.jpg
Scallop,scallop,3,data/wiki_images/220px-Scallop_eyes2.jpg
Scallop,scallop,4,data/wiki_images/220px-Scallop_pearl2.jpg
Scallop,scallop,5,data/wiki_images/220px-Chlamys_Pliocene_Cyprus.jpg
Scallop,scallop,6,data/wiki_images/60px-Chlamys_islandica.jpg
Scallop,scallop,7,data/wiki_images/60px-Pecten_ochlockoneensis_SR_02-227_A_02.jpg
Scallop,scallop,8,data/wiki_images/60px-Pectinidae_-_Flexopecten_hyalinus.jpg
Scallop,scallop,9,data/wiki_images/60px-Aequipecten_opercularis_gelb.jpg
Scallop,scallop,10,data/wiki_images/60px-Limidae_-_Lima_lima.jpg
Scallop,scallop,11,data/wiki_images/70px-Crassostrea_gigas_p1040848.jpg
Scallop,scallop,12,data/wiki_images/220px-Semipallium_fulvicostatum_001.jpg
Scallop,scallop,13,data/wiki_images/150px-Scallop_Pearl_Net.jpg
Scallop,scallop,14,data/wiki_images/220px-Scallops_with_wine_sauce.jpg
Scallop,scallop,15,data/wiki_images/90px-Large_scallops.jpg
Scallop,scallop,16,data/wiki_images/120px-Upclosedriedscallop.jpg
Scallop,scallop,17,data/wiki_images/120px-Scallop-Sausages-DSC2415.jpg
Scallop,scallop,18,data/wiki_images/110px-Carlo_Crivelli_064.jpg
Scallop,scallop,19,data/wiki_images/220px-Shield_with_symbol_of_St._James_the_Great%2C_Church_of_the_Good_Shepherd_%28Rosemont%2C_Pennsylvania%29.jpg
Scallop,scallop,20,data/wiki_images/220px-Aphrodite_Anadyomene_Louvre_CA2288.jpg
Scallop,scallop,21,data/wiki_images/220px-The_Scallop%2C_Maggi_Hambling%2C_Aldeburgh.jpg
Scallop,scallop,22,data/wiki_images/160px-Snails-Italy.jpg
Scallop,scallop,23,data/wiki_images/140px-Atlantic_cod.jpg
Scallop,scallop,24,data/wiki_images/80px-Pacific_oysters_01.jpg
Scallop,scallop,25,data/wiki_images/130px-Heraldic_knight_Hermann_von_Aue._14th_century.jpg
Scallop,scallop,26,data/wiki_images/250px-Elementy_herbu_mod.jpg
Scallop,scallop,27,data/wiki_images/70px-She-wolf_suckles_Romulus_and_Remus.jpg
Scallop,scallop,28,data/wiki_images/24px-Caribou_from_Wagon_Trails.jpg
Shrimp,shrimp,1,data/wiki_images/300px-Palaemon_serratus_Croazia.jpg
Shrimp,shrimp,2,data/wiki_images/100px-Lobster_NSRW_rotated2.jpg
Shrimp,shrimp,3,data/wiki_images/100px-Mud_crab.jpg
Shrimp,shrimp,4,data/wiki_images/230px-Two_red_cherry_shrimp.jpg
Shrimp,shrimp,5,data/wiki_images/230px-Heterocarpus_ensifer.jpg
Shrimp,shrimp,6,data/wiki_images/259px-Pederson%27s_Shrimp.jpg
Shrimp,shrimp,7,data/wiki_images/222px-Periclimenes_imperator_%28Emperor_shrimp%29_on_Bohadschia_argus_%28Sea_cucumber%29.jpg
Shrimp,shrimp,8,data/wiki_images/90px-Penaeus_monodon.jpg
Shrimp,shrimp,9,data/wiki_images/90px-Pandborealisind.jpg
Shrimp,shrimp,10,data/wiki_images/90px-Procaris_Ascensionis.jpg
Shrimp,shrimp,11,data/wiki_images/90px-Stenopus_hispidus_%28high_res%29.jpg
Shrimp,shrimp,12,data/wiki_images/90px-Artemia_monica.jpg
Shrimp,shrimp,13,data/wiki_images/90px-California_Clam_Shrimp_%28Cyzicus_californicus%29.jpg
Shrimp,shrimp,14,data/wiki_images/90px-EubranchipusGrubii1.jpg
Shrimp,shrimp,15,data/wiki_images/90px-Triops_longicaudatus2.jpg
Shrimp,shrimp,16,data/wiki_images/90px-Gnathophausia_zoea.jpg
Shrimp,shrimp,17,data/wiki_images/90px-OdontodactylusScyllarus2.jpg
Shrimp,shrimp,18,data/wiki_images/90px-Hemimysis_anomala_GLERL_4.jpg
Shrimp,shrimp,19,data/wiki_images/90px-Pariambus_typicus.jpg
Shrimp,shrimp,20,data/wiki_images/200px-Triops.jpg
Shrimp,shrimp,21,data/wiki_images/200px-Artemia_salina_3.jpg
Shrimp,shrimp,22,data/wiki_images/220px-William_Hogarth_-_The_Shrimp_Girl_-_WGA11467.jpg
Shrimp,shrimp,23,data/wiki_images/220px-Fish0809_-_Flickr_-_NOAA_Photo_Library.jpg
Shrimp,shrimp,24,data/wiki_images/220px-Banks_shrimper.jpg
Shrimp,shrimp,25,data/wiki_images/220px-Shrimp_hatchery.jpg
Shrimp,shrimp,26,data/wiki_images/220px-Penaeus_vannamei_01.jpg
Shrimp,shrimp,27,data/wiki_images/220px-Camaron.jpg
Shrimp,shrimp,28,data/wiki_images/220px-Caridina-cf-cantonensis-snow-white.jpg
Shrimp,shrimp,29,data/wiki_images/220px-Neocaridina-heteropoda-var-red.jpg
Shrimp,shrimp,30,data/wiki_images/236px-Neocaridina-cf-zhanghjiajiensis-var-blue-pearl.jpg
Shrimp,shrimp,31,data/wiki_images/223px-Caridina-cf-cantonensis-tiger.jpg
Shrimp,shrimp,32,data/wiki_images/237px-Caridina-cf-cantonensis-red-tiger.jpg
Shrimp,shrimp,33,data/wiki_images/218px-Caridina-cf-cantonensis-red-bee.jpg
Shrimp,shrimp,34,data/wiki_images/220px-Macrobrachium_carcinus.jpg
Shrimp,shrimp,35,data/wiki_images/32px-Charybdis_japonica.jpg
Shrimp,shrimp,36,data/wiki_images/32px-Cercophonius_squama.jpg
Shrimp,shrimp,37,data/wiki_images/110px-Drunkenshrimp.jpg
Shrimp,shrimp,38,data/wiki_images/140px-Atlantic_cod.jpg
Shrimp,shrimp,39,data/wiki_images/80px-Pacific_oysters_01.jpg
Shrimp,shrimp,40,data/wiki_images/100px-FoodMeat.jpg
Shrimp,shrimp,41,data/wiki_images/100px-Plateau_van_zeevruchten.jpg
Sour Cream,sour_cream,1,data/wiki_images/220px-Bowl_of_chili_with_sour_cream_and_cheese.jpg
Sour Cream,sour_cream,2,data/wiki_images/220px-Potato_with_sour_cream_and_chili_sauce.jpg
Sour Cream,sour_cream,3,data/wiki_images/220px-Mixed_berries_with_sour_cream_and_brown_sugar.jpg
Sour Cream,sour_cream,4,data/wiki_images/220px-S%C3%BClt_tejfel.jpg
Strawberry,strawberry,1,data/wiki_images/220px-Strawberry_BNC.jpg
Strawberry,strawberry,2,data/wiki_images/220px-Strawberry_Cross_BNC.jpg
Strawberry,strawberry,3,data/wiki_images/220px-Strawberry_flower.jpg
Strawberry,strawberry,4,data/wiki_images/220px--Strawberry_growth_%28Video%29.webm.jpg
Strawberry,strawberry,5,data/wiki_images/220px-D%C3%BClmen%2C_Kirchspiel%2C_Erdbeerfeld_--_2015_--_6492-6.jpg
Strawberry,strawberry,6,data/wiki_images/220px-Plasticulture.jpg
Strawberry,strawberry,7,data/wiki_images/220px-Strawberry_greenhouse_Ukraine.jpg
Strawberry,strawberry,8,data/wiki_images/220px-Picker_on_a_strawberry_field_in_Quebec%2C_Canada.jpg
Strawberry,strawberry,9,data/wiki_images/220px-Lagalag_in_La_Trinidad_%282402014949%29.jpg
Strawberry,strawberry,10,data/wiki_images/220px-Stawberries_and_cream.jpg
Strawberry,strawberry,11,data/wiki_images/220px-PerfectStrawberry.jpg
Strawberry,strawberry,12,data/wiki_images/80px-PerfectStrawberry.jpg
Sweet Potato,sweet_potato,1,data/wiki_images/220px-Ipomoea_batatas_%28Sweet_Potato%29_Flower.jpg
Sweet Potato,sweet_potato,2,data/wiki_images/250px-Arya.ipomoea_batatas_margaritas.cikampek_station._2019.jpg
Sweet Potato,sweet_potato,3,data/wiki_images/220px-Item_938288.jpg
Sweet Potato,sweet_potato,4,data/wiki_images/220px-A_seller_peeling_a_sweet_potato.jpg
Sweet Potato,sweet_potato,5,data/wiki_images/220px-Jjin-goguma.jpg
Sweet Potato,sweet_potato,6,data/wiki_images/200px-Gungoguma_%28roasted_sweet_potatoes%29_2.jpg
Sweet Potato,sweet_potato,7,data/wiki_images/200px-Gungoguma_drum_can_%28sweet_potato_roaster%29_2.jpg
Sweet Potato,sweet_potato,8,data/wiki_images/220px-Goguma-mattang.jpg
Sweet Potato,sweet_potato,9,data/wiki_images/220px-Sweet_potato_flaky_pastry.jpg
Sweet Potato,sweet_potato,10,data/wiki_images/220px-SweetpotatoTongsui.jpg
Sweet Potato,sweet_potato,11,data/wiki_images/170px-Shochu2.jpg
Sweet Potato,sweet_potato,12,data/wiki_images/220px-Camote_tops_%28talbos_ng_kamote%29.jpg
Sweet Potato,sweet_potato,13,data/wiki_images/220px-Veggie_burger_flickr_user_bandita_creative_commons.jpg
Sweet Potato,sweet_potato,14,data/wiki_images/220px-Camotemuseolarco.jpg
Swordfish,swordfish,1,data/wiki_images/220px-Xiphias_gladius2.jpg
Swordfish,swordfish,2,data/wiki_images/350px-Swordfish_skeleton.jpg
Swordfish,swordfish,3,data/wiki_images/350px-Swordfish-0046.jpg
Swordfish,swordfish,4,data/wiki_images/180px-Barca_pescespada_3.jpg
Swordfish,swordfish,5,data/wiki_images/120px-Fried_Swordfish_collar.jpg
Swordfish,swordfish,6,data/wiki_images/120px-Swordfish_in_Limnionas%2C_Kos%2C_Greece_%285653643083%29.jpg
Swordfish,swordfish,7,data/wiki_images/220px-Xiphias_gladius.jpg
Swordfish,swordfish,8,data/wiki_images/140px-Istiophorus_platypterus.jpg
Swordfish,swordfish,9,data/wiki_images/140px-Atlantic_cod.jpg
Swordfish,swordfish,10,data/wiki_images/80px-Pacific_oysters_01.jpg
Swordfish,swordfish,11,data/wiki_images/100px-FoodMeat.jpg
Swordfish,swordfish,12,data/wiki_images/100px-Plateau_van_zeevruchten.jpg
Tangerine,tangerine,1,data/wiki_images/220px-TangerineFruit.jpg
Tangerine,tangerine,2,data/wiki_images/180px-Want_a_tangerine%3F.jpg
Tangerine,tangerine,3,data/wiki_images/131px-Pomological_Watercolor_POM00006444.jpg
Tangerine,tangerine,4,data/wiki_images/235px-Tangerine_2009-03-11.jpg
Tangerine,tangerine,5,data/wiki_images/220px-Tangerine_or_Narangi_Fruit_in_New_Delhi.jpg
Tangerine,tangerine,6,data/wiki_images/220px-Narangi_tree_in_Mohali.jpg
Tangerine,tangerine,7,data/wiki_images/220px-Narangi_fruit.jpg
Tomato,tomato,1,data/wiki_images/220px-Organic_home-grown_tomatoes_-_unripe_to_ripe.jpg
Tomato,tomato,2,data/wiki_images/220px-%E0%B0%9F%E0%B0%AE%E0%B0%BE%E0%B0%9F%E0%B0%BE%E0%B0%B2%E0%B1%81_%282%29.jpg
Tomato,tomato,3,data/wiki_images/220px-Farmer%27s_Market_I.jpg
Tomato,tomato,4,data/wiki_images/220px-Tomatoes_plain_and_sliced.jpg
Tomato,tomato,5,data/wiki_images/220px-Flor_tomaca_057.jpg
Tomato,tomato,6,data/wiki_images/220px-Green_Tomato.jpg
Tomato,tomato,7,data/wiki_images/170px-Tomato_laboratory_research.jpg
Tomato,tomato,8,data/wiki_images/170px-Naturalis_Biodiversity_Center_-_Solanum_lycopersicum_var._lycopersicum_-_old_tomato_herbarium_sheet.jpg
Tomato,tomato,9,data/wiki_images/220px-Tomatoes_for_sale_in_a_UK_supermarket_2013.jpg
Tomato,tomato,10,data/wiki_images/170px-NRCSHI07018_-_Hawaii_%28716072%29%28NRCS_Photo_Gallery%29.jpg
Tomato,tomato,11,data/wiki_images/220px-End_of_Summer_Tomatoes.jpg
Tomato,tomato,12,data/wiki_images/200px-Germinating_tomatoes.jpg
Tomato,tomato,13,data/wiki_images/200px-Tomatoseedlings.jpg
Tomato,tomato,14,data/wiki_images/200px-Tomato_27_days_from_planting_seeds.jpg
Tomato,tomato,15,data/wiki_images/200px-Tomato_fruit_and_flowers_at_day_52.jpg
Tomato,tomato,16,data/wiki_images/200px-Green_Tomatoes.jpg
Tomato,tomato,17,data/wiki_images/199px-Heirloom_tomatoes.jpg
Tomato,tomato,18,data/wiki_images/225px-Heirlooms.jpg
Tomato,tomato,19,data/wiki_images/225px-Red_Tomatoes_with_PLU_code.jpg
Tomato,tomato,20,data/wiki_images/220px-Tomato_fruitworm.jpg
Tomato,tomato,21,data/wiki_images/220px-Engytatus_modestus_closeup_2.jpg
Tomato,tomato,22,data/wiki_images/220px-Split_tomato.jpg
Tomato,tomato,23,data/wiki_images/220px-Tomato_flower_and_young_fruit.jpg
Tomato,tomato,24,data/wiki_images/220px-Tomato_scanned.jpg
Tomato,tomato,25,data/wiki_images/220px-Tomates_farcies_v%C3%A9g%C3%A9tariennes.jpg
Tomato,tomato,26,data/wiki_images/220px-Arrojando_tomates_desde_un_cami%C3%B3n_-_La_Tomatina_2010.jpg
Tomato,tomato,27,data/wiki_images/80px-Tomatoes_plain_and_sliced.jpg
Tuna,tuna,1,data/wiki_images/75px-Blue_walleye.jpg
Tuna,tuna,2,data/wiki_images/220px-Tuna_Relative_Sizes.jpg
Tuna,tuna,3,data/wiki_images/120px-Thunnus_alalunga_2.jpg
Tuna,tuna,4,data/wiki_images/120px-Thunnus_obesus_%28bigeye_tuna%29.jpg
Tuna,tuna,5,data/wiki_images/120px-Pacific_bluefin_tuna.jpg
Tuna,tuna,6,data/wiki_images/120px-Tuna_1.jpg
Tuna,tuna,7,data/wiki_images/120px-Thunnus_tonggol.jpg
Tuna,tuna,8,data/wiki_images/120px-Fish4499_-_Flickr_-_NOAA_Photo_Library.jpg
Tuna,tuna,9,data/wiki_images/154px-Tsukiji_Fish_market_and_Tuna_edit.jpg
Tuna,tuna,10,data/wiki_images/161px-Tuna_cut_half_japan.jpg
Tuna,tuna,11,data/wiki_images/120px-Rokusanen_Wakayama_Japan06bs5.jpg
Tuna,tuna,12,data/wiki_images/113px-Tuna_salad_001.jpg
Tuna,tuna,13,data/wiki_images/113px-Tekkadon.jpg
Tuna,tuna,14,data/wiki_images/113px-Katsuobushi.jpg
Tuna,tuna,15,data/wiki_images/275px-Canned_and_packaged_tuna_on_supermarket_shelves.jpg
Tuna,tuna,16,data/wiki_images/400px-Tuna-lifecycle1.jpg
Tuna,tuna,17,data/wiki_images/32px-Antennarius_striatus.jpg
Tuna,tuna,18,data/wiki_images/140px-Atlantic_cod.jpg
Tuna,tuna,19,data/wiki_images/80px-Pacific_oysters_01.jpg
Tuna,tuna,20,data/wiki_images/100px-FoodMeat.jpg
Tuna,tuna,21,data/wiki_images/100px-Plateau_van_zeevruchten.jpg
Turkey,turkey_(bird),1,data/wiki_images/220px-Wild_turkey_eastern_us.jpg
Turkey,turkey_(bird),2,data/wiki_images/205px-Meleagris_gallopavo_MHNT.ZOO.2010.11.9.30.jpg
Turkey,turkey_(bird),3,data/wiki_images/220px-Meleagris_ocellata1.jpg
Turkey,turkey_(bird),4,data/wiki_images/120px-Wild_turkey_Point_Pelee_NP_2014.jpg
Turkey,turkey_(bird),5,data/wiki_images/120px-Meleagris_ocellata_-Guatemala-8a.jpg
Turkey,turkey_(bird),6,data/wiki_images/170px-1_Wild_Turkey.jpg
Turkey,turkey_(bird),7,data/wiki_images/200px-Anatomy_of_turkey_head.jpg
Turkey,turkey_(bird),8,data/wiki_images/220px-Living_turkey.jpg
Turkey,turkey_(bird),9,data/wiki_images/128px-Meleagris_gallopavo_displaying_at_Deer_Island_Open_Space_Preserve.jpg
Turkey,turkey_(bird),10,data/wiki_images/134px-Male_north_american_turkey_supersaturated.jpg
Turkey,turkey_(bird),11,data/wiki_images/162px-Ocellated_Turkey.jpg
Potato,potato,1,data/wiki_images/220px-Patates.jpg
Potato,potato,2,data/wiki_images/220px-Potato_flowers.jpg
Potato,potato,3,data/wiki_images/220px-Potato_plants.jpg
Potato,potato,4,data/wiki_images/220px-Russet_potato_cultivar_with_sprouts.jpg
Potato,potato,5,data/wiki_images/220px-Russet_potato.jpg
Potato,potato,6,data/wiki_images/220px-Bamberger_Hoernle.jpg
Potato,potato,7,data/wiki_images/220px-Papas_de_colores_de_Chiloe.jpg
Potato,potato,8,data/wiki_images/220px-Potato_EarlyRose_sprouts.jpg
Potato,potato,9,data/wiki_images/220px-Tractors_in_Potato_Field.jpg
Potato,potato,10,data/wiki_images/220px-Culture_de_la_pomme_de_terre.jpg
Potato,potato,11,data/wiki_images/220px-Phytophtora_infestans-effects.jpg
Potato,potato,12,data/wiki_images/220px-Potato_plant_prior_to_harevest.jpg
Potato,potato,13,data/wiki_images/220px-Potato_flower_close-up._Eastern_Siberia.jpg
Potato,potato,14,data/wiki_images/220px-Potato_transportation_to_cold_storage_in_India_%281%29.jpg
Potato,potato,15,data/wiki_images/220px-Potato_farming_in_India.jpg
Potato,potato,16,data/wiki_images/220px-PreparedPotatoes.jpg
Potato,potato,17,data/wiki_images/220px-Peru_PapasRellenas2.jpg
Potato,potato,18,data/wiki_images/220px-Baked_Potato_%283662019664%29.jpg
Potato,potato,19,data/wiki_images/220px-Bauernfr%C3%BChst%C3%BCck-01.jpg
Potato,potato,20,data/wiki_images/220px-Cepelinai_2%2C_Vilnius%2C_Lithuania_-_Diliff.jpg
Potato,potato,21,data/wiki_images/220px-Burger_and_fries_%281%29.jpg
Potato,potato,22,data/wiki_images/220px-OriginalPoutineLaBanquise.jpg
Potato,potato,23,data/wiki_images/220px-Van-willem-vincent-gogh-die-kartoffelesser-03850.jpg
Potato,potato,24,data/wiki_images/220px-Jean-Fran%C3%A7ois_Millet_-_The_Potato_Harvest_-_Walters_37115.jpg
Potato,potato,25,data/wiki_images/45px-Aardappel_%27Dor%C3%A9%27_%28Solanum_tuberosum_%27Dor%C3%A9%27%29.jpg
Potato,potato,26,data/wiki_images/120px-Sugarcane_field.jpg
Yogurt,yogurt,1,data/wiki_images/220px-Cacik-1.jpg
Yogurt,yogurt,2,data/wiki_images/220px-Turkish_strained_yogurt.jpg
Yogurt,yogurt,3,data/wiki_images/220px-Yogurt_on_an_refrigerator_in_a_supermarket.jpg
Yogurt,yogurt,4,data/wiki_images/200px-Tzatziki_Greek_meze_or_appetizer%2C_also_used_as_a_sauce.jpg
Yogurt,yogurt,5,data/wiki_images/220px-StrainYogurt.jpg
Yogurt,yogurt,6,data/wiki_images/89px-Fresh_ayran.jpg
Yogurt,yogurt,7,data/wiki_images/120px-Skyr.is_me%C3%B0_vanillu.jpg
Yogurt,yogurt,8,data/wiki_images/120px-Raita_with_cucumber_and_mint.jpg
Yogurt,yogurt,9,data/wiki_images/120px-Dadiah1.jpg
Yogurt,yogurt,10,data/wiki_images/120px-Vegan_yogurt%2C_March_2012.jpg
Yogurt,yogurt,11,data/wiki_images/72px-Homemade_yogurt_maker_-_01.jpg
Yogurt,yogurt,12,data/wiki_images/120px-Frozen_yogurt_%281%29.jpg
Yogurt,yogurt,13,data/wiki_images/80px-Obstjoghurt01.jpg
